{
  "exact": {
    "min_lon": 102.498786,
    "max_lon": 102.562492,
    "min_lat": -0.63849,
    "max_lat": -0.596848
  },
  "padded": {
    "min_lon": 102.49428628763275,
    "max_lon": 102.56699171236727,
    "min_lat": -0.6429895323316128,
    "max_lat": -0.5923485670243026
  },
  "padding_meters": 500
}